{
  "timestamp": "2026-04-08 21:28:52",
  "zmq": {
    "api_versions": {
      "throughput": 2514.189975142565,
      "p50": 0.37319399416446686,
      "p99": 0.7862859638407826,
      "p999": 2.024164015892893,
      "errors": 0
    },
    "produce_single": {
      "throughput": 1418.4239241173625,
      "p50": 0.6308889715000987,
      "p99": 3.258543962147087,
      "p999": 7.960026036016643,
      "errors": 0
    },
    "produce_fresh": {
      "throughput": 864.1786460987704,
      "p50": 1.0452899732626975,
      "p99": 3.9259630138985813,
      "p999": 8.085924957413226,
      "errors": 0
    },
    "fetch": {
      "throughput": 892.7183094828181,
      "p50": 1.0487840045243502,
      "p99": 2.374364994466305,
      "p999": 3.7605430115945637,
      "errors": 0
    },
    "metadata": {
      "throughput": 1926.8745989678062,
      "p50": 0.4900930216535926,
      "p99": 1.0253849904984236,
      "p999": 2.9056560015305877,
      "errors": 0
    }
  },
  "kafka": {
    "api_versions": {
      "throughput": 1390.439226299251,
      "p50": 0.6335910293273628,
      "p99": 2.297667961101979,
      "p999": 8.690879039932042,
      "errors": 0
    },
    "produce_single": {
      "throughput": 953.8671038526858,
      "p50": 0.9433859959244728,
      "p99": 2.487164980266243,
      "p999": 7.639292976818979,
      "errors": 0
    },
    "produce_fresh": {
      "throughput": 610.4373100557049,
      "p50": 1.519577985163778,
      "p99": 3.907442034687847,
      "p999": 10.166549996938556,
      "errors": 0
    },
    "fetch": {
      "throughput": 1131.1734496640147,
      "p50": 0.7826890214346349,
      "p99": 2.747358987107873,
      "p999": 9.044367005117238,
      "errors": 0
    },
    "metadata": {
      "throughput": 1177.2061833075677,
      "p50": 0.7626889855600893,
      "p99": 3.228953981306404,
      "p999": 9.611665038391948,
      "errors": 0
    }
  }
}