{
  "timestamp": "2026-04-08 18:25:15",
  "zmq": {
    "api_versions": {
      "throughput": 2118.3262982107326,
      "p50": 0.42259396286681294,
      "p99": 1.304581994190812,
      "p999": 3.80954600404948,
      "errors": 0
    },
    "produce_single": {
      "throughput": 1862.629362019914,
      "p50": 0.4492939915508032,
      "p99": 3.0193569837138057,
      "p999": 8.60427797306329,
      "errors": 0
    },
    "produce_fresh": {
      "throughput": 1098.1755813545074,
      "p50": 0.7984880357980728,
      "p99": 4.051641968544573,
      "p999": 9.717462002299726,
      "errors": 0
    },
    "fetch": {
      "throughput": 1059.7153720358278,
      "p50": 0.8633880061097443,
      "p99": 2.248567994683981,
      "p999": 7.809988979715854,
      "errors": 0
    },
    "metadata": {
      "throughput": 1605.79505401677,
      "p50": 0.5744920345023274,
      "p99": 1.703974965494126,
      "p999": 4.037143022287637,
      "errors": 0
    }
  },
  "automq": {
    "api_versions": {
      "throughput": 1137.23171014153,
      "p50": 0.8143889717757702,
      "p99": 1.953472034074366,
      "p999": 5.381723050959408,
      "errors": 0
    },
    "produce_single": {
      "throughput": 1024.9807860065685,
      "p50": 0.8697870071046054,
      "p99": 2.9473580070771277,
      "p999": 9.56006400519982,
      "errors": 0
    },
    "produce_fresh": {
      "throughput": 723.2874005572857,
      "p50": 1.2877809931524098,
      "p99": 3.4239510423503816,
      "p999": 7.4290939955972135,
      "errors": 0
    },
    "fetch": {
      "throughput": 28.725198259980754,
      "p50": 1.2528819497674704,
      "p99": 105.43700400739908,
      "p999": 109.6541520091705,
      "errors": 0
    },
    "metadata": {
      "throughput": 1268.5600054376735,
      "p50": 0.7323889876715839,
      "p99": 1.8062750459648669,
      "p999": 4.693333001341671,
      "errors": 0
    }
  }
}